ticker,st73_signal,st73_value,st72_signal,st72_value,close_price,DMA_200,DMA10,10DMA_change
RELIANCE,0,1508.4,0,1529.1,1542.3,1402.29,1542.43,0
HDFCBANK,0,969.5,0,978.7,994.3,960.03,998.32,0
BHARTIARTL,0,2147.1,0,2115.9,2102.0,1899.83,2084.98,1
TCS,0,3103.7,0,3151.5,3205.1,3233.88,3212.91,0
ICICIBANK,0,1343.0,0,1359.5,1366.0,1385.29,1375.63,0
SBIN,0,993.5,0,978.5,961.15,830.17,960.1,0
INFY,0,1532.3,0,1560.1,1592.9,1513.98,1598.3,0
BAJFINANCE,0,1053.5,0,1040.6,998.4,942.24,1018.67,0
LT,0,3921.2,0,3980.7,4063.8,3608.29,4022.94,0
LICI,0,893.2,0,880.5,854.5,867.75,862.94,0
HINDUNILVR,0,2419.2,0,2371.3,2281.1,2391.26,2331.18,0
MARUTI,0,15702.2,0,15942.2,16354.0,13642.59,16212.3,0
ITC,0,413.5,0,409.4,401.7,410.84,402.2,0
HCLTECH,0,1602.3,0,1630.3,1651.7,1541.52,1667.16,0
M&M,0,3574.1,0,3729.0,3621.0,3215.5,3655.95,0
KOTAKBANK,0,2081.4,0,2115.2,2182.4,2087.83,2154.57,0
SUNPHARMA,0,1751.4,0,1774.4,1781.3,1687.95,1796.71,0
AXISBANK,0,1319.4,0,1295.3,1219.6,1156.51,1272.47,0
TITAN,0,3742.4,1,3748.7,3929.5,3501.38,3841.39,0
ULTRACEMCO,0,11889.0,0,11372.2,11528.0,11811.9,11551.8,0
BAJAJFINSV,0,2155.9,0,2119.9,2035.2,2005.3,2064.08,0
ADANIPORTS,0,1457.9,0,1536.9,1499.0,1363.2,1502.69,0
NTPC,0,331.8,0,327.4,321.0,332.75,322.28,0
ONGC,0,245.3,0,241.2,232.21,235.55,238.51,0
ADANIENT,0,2381.0,0,2323.2,2247.9,2416.8,2243.3,0
HAL,0,4566.1,0,4467.0,4261.4,4536.65,4346.66,0
BEL,0,410.7,0,403.1,388.0,372.16,393.69,0
ADANIPOWER,0,151.5,0,147.3,145.33,124.62,142.83,0
WIPRO,0,249.7,0,253.6,259.22,250.32,258.91,0
ASIANPAINT,0,2938.7,0,2883.0,2790.9,2440.58,2852.33,0
JSWSTEEL,0,1177.2,0,1150.6,1082.6,1064.33,1120.84,0
ETERNAL,0,311.5,0,303.1,284.45,277.04,291.8,0
TMPV,0,365.2,0,358.5,345.45,nan,349.0,0
BAJAJ-AUTO,0,8691.9,0,8829.3,9008.0,8422.06,9018.9,0
DMART,0,4037.6,0,3961.6,3856.8,4177.59,3872.52,0
POWERGRID,0,272.8,0,269.1,260.35,282.03,265.36,0
HINDZINC,0,509.1,0,527.6,567.7,452.25,521.39,0
NESTLEIND,0,1265.9,0,1248.3,1240.6,1189.17,1230.85,0
IOC,0,170.7,0,160.6,167.74,144.23,164.04,0
COALINDIA,0,385.4,0,374.1,381.6,372.54,380.65,0
VEDL,0,512.6,0,528.1,569.5,444.89,533.01,0
TATASTEEL,0,161.2,0,164.7,169.83,159.22,166.81,0
SBILIFE,0,1946.3,0,2037.2,2036.0,1785.43,2014.45,0
EICHERMOT,0,6872.5,0,7006.5,7061.5,5985.14,7155.1,0
INDIGO,0,5339.9,0,5142.2,4974.0,5521.4,5071.8,0
GRASIM,0,2707.4,0,2749.4,2799.1,2715.39,2768.93,0
JIOFIN,0,310.0,0,304.1,295.25,289.05,298.23,0
HINDALCO,0,800.2,0,817.1,837.15,706.51,826.59,0
HYUNDAI,0,2443.2,0,2386.4,2268.7,2108.88,2318.9,0
LTIM,0,5964.9,0,6075.0,6216.0,5167.73,6250.35,0
TVSMOTOR,0,3459.5,0,3525.9,3619.6,3029.25,3632.89,0
DLF,0,734.5,0,719.8,691.95,745.61,698.23,0
ADANIGREEN,0,1075.0,0,1048.5,1028.2,984.64,1016.1,0
DIVISLAB,0,6643.5,0,6530.1,6335.5,6252.86,6385.4,0
HDFCLIFE,0,742.4,0,779.0,764.35,743.73,766.88,0
VBL,0,454.5,0,463.9,477.15,484.41,476.49,0
BPCL,0,375.1,1,348.6,368.15,314.59,359.39,0
SHRIRAMFIN,0,811.4,0,865.1,848.4,673.19,842.83,0
MUTHOOTFIN,0,3628.0,0,3697.7,3847.0,2737.4,3780.43,0
PIDILITIND,0,1520.0,0,1497.2,1473.1,1483.31,1470.67,0
IRFC,0,118.8,0,116.7,112.01,126.4,113.37,0
BANKBARODA,0,280.8,0,294.8,282.85,245.51,286.64,0
BRITANNIA,0,5766.7,0,5853.0,6066.0,5576.02,5908.85,0
TRENT,0,4285.9,0,4189.0,4108.7,5113.37,4112.19,0
CHOLAFIN,0,1637.3,0,1655.1,1715.4,1573.85,1717.87,0
TMCV,0,339.2,0,353.5,387.35,nan,369.92,0
TECHM,0,1505.3,0,1531.6,1578.2,1481.55,1567.92,0
TATACAP,0,315.2,0,317.3,326.2,nan,324.41,1
AMBUJACEM,0,558.5,0,527.9,548.7,557.49,538.42,0
PNB,0,125.8,0,123.0,117.03,106.37,118.32,0
CANBK,0,142.8,0,152.3,147.17,112.45,146.56,0
TORNTPHARM,0,3615.8,0,3685.4,3765.1,3434.7,3775.9,0
MOTHERSON,0,112.4,0,115.2,119.57,99.2,118.05,0
CUMMINSIND,0,4309.0,0,4396.8,4494.3,3571.49,4509.04,0
BAJAJHLDNG,0,11849.0,0,11554.0,11068.0,12670.26,11066.8,1
IDEA,0,10.1,0,10.6,11.25,7.91,10.93,0
TATAPOWER,0,396.1,0,388.7,379.85,387.16,380.65,0
CIPLA,0,1554.1,0,1534.2,1499.6,1506.54,1506.62,0
GODREJCP,0,1108.6,0,1132.8,1182.4,1179.02,1142.04,0
ADANIENSOL,0,945.4,0,968.1,994.3,874.06,985.93,0
HEROMOTOCO,0,6295.9,0,6172.8,5946.5,4679.38,6086.1,0
UNIONBANK,0,146.6,0,157.1,153.2,135.24,151.41,0
TATACONSUM,0,1114.8,0,1137.6,1169.9,1099.1,1150.26,0
SIEMENS,0,3381.5,0,3290.8,3161.4,3117.27,3220.55,0
ABB,0,4983.4,0,5074.5,5242.0,5400.17,5182.7,0
PFC,0,358.3,0,351.6,336.15,394.0,344.96,0
POLYCAB,0,7613.7,0,7433.6,7361.5,6562.26,7238.65,0
HDFCAMC,0,2678.5,0,2569.1,2583.7,2514.14,2601.96,0
GAIL,0,178.2,0,174.3,168.32,179.33,169.14,0
GMRAIRPORT,0,106.7,0,98.1,103.52,88.56,102.05,0
SOLARINDS,0,12895.5,0,12605.4,11918.0,13825.55,12495.1,0
INDUSTOWER,0,383.1,0,393.2,408.15,374.66,407.58,0
LODHA,0,1150.3,0,1122.6,1075.4,1249.86,1088.33,0
IDBI,0,94.3,0,93.8,99.53,89.99,97.06,0
BOSCHLTD,0,37988.2,0,37385.5,36230.0,34300.66,36634.5,0
DRREDDY,0,1224.3,0,1242.5,1276.9,1233.45,1270.73,0
ENRIN,0,3223.9,0,3123.0,2979.8,nan,3005.67,0
CGPOWER,0,693.5,0,679.7,673.05,682.35,664.39,0
BSE,0,2900.7,0,2803.8,2605.9,2338.99,2711.69,0
UNITDSPR,0,1378.1,0,1401.7,1451.4,1403.3,1438.82,0
LGEINDIA,0,1654.4,0,1621.4,1552.7,nan,1581.26,0
MAXHEALTH,0,1150.7,0,1126.3,1073.0,1156.23,1082.61,0
INDIANB,0,840.0,0,818.4,773.15,664.45,790.91,0
INDHOTEL,0,708.7,0,750.0,725.25,756.96,727.99,0
JINDALSTEL,0,1064.1,0,1040.5,1011.2,970.04,1012.73,0
SWIGGY,0,419.8,0,386.2,396.25,382.75,400.6,0
APOLLOHOSP,0,7315.0,0,7216.4,7051.5,7227.9,7102.85,0
HINDPETRO,0,476.5,0,466.9,465.35,402.63,453.27,0
ASHOKLEY,0,155.4,0,159.4,167.75,125.3,161.94,0
PERSISTENT,0,6650.5,0,6475.1,6263.0,5555.56,6308.7,0
BHEL,0,296.0,0,288.5,279.35,240.33,277.74,0
MAZDOCK,0,2609.6,0,2545.4,2408.0,2839.26,2506.86,0
ICICIGI,0,2033.4,0,1999.4,1951.2,1892.48,1955.16,0
MARICO,0,747.0,0,716.6,738.8,701.48,727.47,0
LUPIN,0,2000.0,0,2034.7,2090.6,1979.73,2082.77,0
SHREECEM,0,27144.0,0,26719.3,25990.0,29314.88,26192.5,0
ICICIPRULI,0,601.9,0,616.4,637.95,610.08,630.52,0
ZYDUSLIFE,0,961.2,0,947.6,914.35,942.84,925.82,0
ABCAPITAL,0,336.6,0,345.5,348.05,260.81,355.55,0
SRF,0,2839.1,0,2898.5,3015.7,2972.22,2919.79,0
GROWW,0,130.2,0,139.7,144.25,nan,147.91,0
HAVELLS,0,1473.3,0,1447.4,1412.0,1515.87,1414.39,0
RECLTD,0,359.9,0,352.9,335.4,380.79,345.07,0
DABUR,0,520.7,0,512.6,497.2,497.17,502.6,0
NAUKRI,0,1399.4,0,1330.3,1346.9,1385.64,1368.3,0
BHARTIHEXA,0,1816.6,0,1772.4,1743.6,1699.06,1719.76,1
MANKIND,0,2252.2,0,2210.8,2106.0,2422.1,2172.5,0
POWERINDIA,0,21442.5,0,20745.8,19320.0,17709.11,19638.0,0
POLICYBZR,0,1783.7,0,1991.0,1820.5,1743.14,1900.16,0
WAAREEENER,0,3158.8,0,3068.2,2919.0,2971.64,2940.46,0
JSWENERGY,0,492.0,0,452.5,478.5,512.38,465.32,0
DIXON,0,14340.3,0,13753.5,13628.0,15524.87,13463.7,0
PAYTM,0,1264.5,0,1347.2,1281.4,1045.5,1309.48,0
MEESHO,-1,-1,-1,-1,180.29,nan,nan,0
SBICARD,0,910.5,0,892.2,847.7,881.46,867.53,0
BAJAJHFL,0,101.4,0,99.1,95.44,115.34,95.69,0
GVT&D,0,3117.1,0,2782.5,3013.0,2388.15,2913.24,0
NHPC,0,79.6,0,78.3,76.01,83.07,76.76,0
NTPCGREEN,0,94.5,0,93.1,90.27,101.98,90.91,0
LTF,0,290.4,0,297.6,300.8,213.74,303.89,0
AUBANK,0,933.1,0,953.5,980.6,743.86,967.71,0
UNOMINDA,0,1218.7,0,1289.4,1257.0,1108.8,1250.38,1
SUZLON,0,55.5,0,54.2,52.67,58.79,52.19,0
IDFCFIRSTB,0,78.2,0,80.0,83.46,70.26,81.19,0
NYKAA,0,268.4,0,261.6,247.3,217.32,252.06,0
IOB,0,38.9,0,38.1,36.57,38.99,37.16,0
PRESTIGE,0,1776.6,0,1728.7,1627.9,1530.51,1644.88,0
LENSKART,0,372.7,0,392.3,405.1,nan,407.67,0
LLOYDSME,1,1186.5,0,1226.0,1309.5,1329.26,1252.78,0
AUROPHARMA,0,1163.4,0,1217.6,1178.1,1133.93,1189.49,0
COROMANDEL,0,2197.0,0,2398.5,2314.3,2238.02,2310.07,0
OFSS,0,8473.2,0,8260.7,7828.5,8320.72,8023.5,0
BHARATFORG,0,1351.4,0,1433.5,1417.4,1222.84,1401.32,0
NMDC,0,73.2,0,74.9,77.15,70.54,76.13,0
ALKEM,0,5467.4,0,5564.7,5663.5,5189.23,5639.2,1
YESBANK,0,22.9,0,22.5,21.5,20.18,22.05,0
GICRE,0,372.2,0,390.7,377.6,383.42,380.42,0
FORTIS,0,917.6,0,897.0,875.0,829.24,872.76,1
JSL,0,741.2,0,759.9,800.1,695.14,773.8,0
INDUSINDBK,0,806.4,0,826.8,845.05,798.57,847.76,0
OIL,0,423.1,0,415.9,401.7,410.49,405.1,0
MRF,0,158986.0,0,156679.8,152655.0,141073.28,152831.5,0
RVNL,0,328.3,0,321.1,309.4,352.63,311.2,0
TORNTPOWER,0,1248.0,0,1305.3,1281.2,1361.96,1282.03,0
ATGL,0,614.8,0,604.4,586.9,625.21,589.58,0
FEDERALBNK,0,249.9,0,254.4,262.2,207.63,260.37,0
PHOENIXLTD,0,1663.0,0,1703.2,1781.0,1596.54,1746.36,0
VMM,0,139.8,0,136.1,136.0,131.18,132.97,0
BANKINDIA,0,150.8,0,147.3,139.38,118.64,140.59,0
UPL,0,719.7,0,735.3,749.9,678.76,748.48,0
BERGEPAINT,0,573.7,0,562.5,540.05,544.19,545.8,0
COFORGE,0,1989.6,0,1939.8,1866.8,1693.59,1893.08,0
HDBFS,0,727.6,0,734.6,754.6,nan,751.24,0
GODREJPROP,0,2197.9,0,2132.5,2023.6,2142.41,2046.43,0
SCHAEFFLER,0,4074.6,0,3993.6,3839.3,3857.33,3857.75,0
OBEROIRLTY,0,1739.6,0,1702.6,1626.8,1681.7,1640.17,0
ABBOTINDIA,0,29305.6,0,28833.8,27805.0,30801.3,28337.5,0
COLPAL,0,2218.3,0,2185.1,2160.4,2329.09,2149.29,0
PATANJALI,0,572.8,0,559.7,537.85,587.53,538.88,0
FACT,1,782.3,0,817.0,896.6,873.32,834.1,0
MFSL,0,1613.9,0,1655.2,1669.6,1476.33,1691.99,0
JSWINFRA,0,280.9,0,274.9,273.15,296.87,269.02,0
GLENMARK,0,1859.7,0,1898.2,1966.5,1761.2,1960.22,0
NAM-INDIA,0,890.1,0,818.5,867.5,755.85,834.5,0
MPHASIS,0,2776.1,0,2830.8,2863.1,2644.21,2892.47,0
LAURUSLABS,0,953.5,0,977.7,1001.3,782.09,1013.78,0
IRCTC,0,694.9,0,686.8,671.05,725.89,671.03,0
SAIL,0,138.3,0,135.1,129.68,125.39,130.74,0
SUNDARMFIN,0,4518.2,0,4616.8,4765.6,4789.87,4737.78,0
TATACOMM,0,1768.6,0,1870.2,1824.8,1672.1,1815.54,1
MCX,0,9631.9,0,10593.8,10164.0,7639.81,10145.7,0
LINDEINDIA,0,5673.7,0,5746.2,6044.0,6393.38,5928.45,0
BIOCON,0,411.0,0,400.5,384.9,357.28,388.12,0
NATIONALUM,0,256.1,0,263.4,276.85,197.18,270.39,0
TIINDIA,0,2830.7,0,2759.0,2622.4,2941.09,2653.77,0
MOTILALOFS,0,924.2,0,894.7,833.65,842.87,862.51,0
BDL,0,1505.6,0,1462.4,1355.6,1561.38,1435.58,0
KALYANKJIL,0,508.2,0,494.6,479.1,515.09,479.02,1
PIIND,0,3470.8,0,3396.6,3259.3,3687.98,3339.23,0
LTTS,0,4302.4,0,4424.0,4590.2,4301.0,4596.96,0
APLAPOLLO,0,1805.1,0,1714.1,1732.9,1676.49,1744.18,0
AIIL,1,2448.5,1,2552.3,2808.3,2507.82,2623.02,0
M&MFIN,0,329.1,0,370.3,341.6,278.09,349.83,0
HEXT,0,695.1,0,723.0,761.45,749.05,759.1,0
VOLTAS,0,1409.5,0,1333.0,1394.3,1342.69,1350.54,0
BALKRISIND,0,2226.3,0,2276.2,2377.1,2462.29,2361.54,0
360ONE,0,1094.5,0,1180.6,1133.4,1053.38,1132.77,0
GODFRYPHLP,0,2924.4,0,2663.7,2865.1,2868.99,2792.04,0
GLAXO,0,2410.5,0,2469.3,2585.5,2841.33,2565.86,0
MAHABANK,0,55.5,0,59.5,56.52,53.67,56.89,0
JKCEMENT,0,5986.8,0,5817.9,5624.0,5850.37,5610.55,0
SUPREMEIND,0,3460.9,1,3175.1,3405.8,3927.28,3311.78,1
UBL,0,1713.5,0,1685.3,1624.5,1905.95,1662.33,0
RADICO,0,3078.4,0,3337.3,3169.3,2751.65,3208.37,0
HUDCO,0,230.3,0,224.3,211.02,218.95,216.24,0
PGHH,0,13104.6,1,12449.7,12940.0,13468.99,12690.8,0
COCHINSHIP,0,1673.3,0,1638.6,1560.4,1726.49,1610.36,0
PREMIERENE,0,952.1,0,847.5,911.1,1006.15,908.75,0
PAGEIND,0,38453.6,0,37818.2,36355.0,43378.78,37041.5,0
ESCORTS,0,3562.8,0,3837.5,3678.2,3432.72,3697.53,0
3MINDIA,0,33569.2,0,35692.2,35370.0,30180.28,34851.0,0
KEI,0,3931.8,0,4222.3,4156.3,3704.22,4107.49,0
PETRONET,0,261.6,0,275.8,264.7,282.1,270.77,0
ITCHOTELS,0,204.4,0,199.9,190.54,213.34,198.37,0
ASTRAL,0,1498.2,0,1465.5,1462.9,1415.57,1428.05,0
PWL,0,113.6,0,122.5,137.4,nan,135.02,1
DALBHARAT,0,1945.7,0,1991.7,2066.5,2080.44,2009.86,0
FLUOROCHEM,0,3580.1,0,3291.0,3522.7,3652.53,3443.21,0
NH,0,1765.2,0,1851.9,1892.9,1806.57,1902.94,0
CONCOR,0,526.0,0,517.5,499.6,552.36,505.31,0
ANTHEM,0,627.2,0,650.0,673.75,nan,669.03,0
IREDA,0,142.7,0,139.2,133.87,155.81,134.57,0
BLUESTARCO,0,1833.5,0,1731.0,1815.6,1828.24,1759.72,0
JUBLFOOD,0,614.1,0,598.9,560.2,644.83,584.32,0
ENDURANCE,0,2779.9,0,2709.7,2610.4,2495.31,2626.29,0
IPCALAB,0,1331.8,0,1379.0,1431.1,1386.08,1453.13,0
TATAINVEST,0,768.3,0,748.5,712.75,701.12,717.25,0
UCOBANK,0,30.9,0,30.2,28.71,31.24,29.17,0
APARINDS,0,8479.2,0,9197.0,8937.5,7781.95,8874.6,0
HINDCOPPER,0,334.3,0,350.3,369.4,269.08,365.12,0
POONAWALLA,0,479.6,0,466.9,442.1,427.54,453.42,0
AIAENG,0,3579.3,0,3912.6,3763.9,3295.95,3770.03,0
CHOLAHLDNG,0,1994.8,0,1818.6,1857.4,1872.83,1904.07,0
PIRAMALFIN,0,1340.8,0,1448.9,1523.5,nan,1513.92,0
GODREJIND,0,1087.5,0,1062.4,1014.8,1146.09,1017.93,0
NLCINDIA,0,256.5,0,250.2,240.45,241.34,239.28,0
ACC,0,1757.2,0,1826.6,1771.4,1874.84,1791.65,0
KPRMILL,0,1040.5,0,1015.4,970.8,1053.46,978.7,0
CENTRALBK,0,38.5,0,37.8,36.14,37.82,36.58,0
THERMAX,0,2998.9,0,2927.2,2884.6,3317.02,2846.24,0
AJANTPHARM,0,2490.1,0,2545.1,2596.2,2556.51,2635.91,0
CRISIL,0,4701.7,0,4583.5,4430.7,4925.86,4420.07,0
APOLLOTYRE,0,498.8,0,530.5,511.0,466.59,519.45,0
KPITTECH,0,1285.6,0,1253.0,1176.3,1240.57,1227.49,0
GODIGIT,0,337.8,0,356.0,345.4,336.23,344.98,0
AWL,0,261.2,0,255.8,243.1,263.05,247.94,0
CDSL,0,1612.2,0,1575.2,1501.2,1493.14,1522.28,0
ASTERDM,0,661.7,0,645.2,605.55,585.62,627.57,0
TATAELXSI,0,5272.7,0,5158.1,4998.0,5653.62,5057.9,0
EXIDEIND,0,381.6,0,381.4,366.25,381.34,373.73,0
NAVINFLUOR,0,5550.0,0,5742.5,6030.0,4813.98,5892.5,0
METROBRAND,0,1030.4,0,1081.0,1126.8,1155.58,1124.06,0
MEDANTA,0,1216.6,0,1191.4,1139.9,1262.87,1164.75,0
MSUMI,0,48.3,0,47.0,45.51,41.3,45.44,0
SONACOMS,0,516.5,0,503.3,484.95,474.88,486.87,0
NBCC,0,117.1,0,105.6,111.68,106.04,110.55,0
HONAUT,0,32919.2,0,35285.6,34010.0,36496.84,34305.5,0
DELHIVERY,0,432.9,0,422.1,401.8,388.08,405.82,0
SANDUMA,0,189.5,0,194.9,205.86,170.02,203.98,0
ITI,0,324.3,0,291.5,301.85,298.93,303.49,0
LICHSGFIN,0,558.9,0,549.0,525.8,570.95,534.86,0
TVSHLTD,0,14029.5,0,15205.6,14189.0,11735.37,14604.5,0
ZFCVINDIA,0,13122.3,0,13698.0,15030.0,13112.31,14595.5,0
SJVN,0,77.6,0,75.9,72.54,91.85,73.37,0
AEGISVOPAK,0,272.6,0,261.6,254.7,nan,251.88,1
IKS,0,1544.0,0,1577.5,1680.0,1579.39,1628.29,0
KAYNES,0,5166.4,0,4808.2,4186.5,5892.27,4335.8,0
JBCHEPHARM,0,1722.7,0,1752.1,1784.6,1679.64,1801.4,0
NIACL,0,150.5,0,156.8,166.41,177.97,163.13,0
GLAND,0,1795.3,0,1754.2,1664.5,1753.02,1708.54,0
STARHEALTH,0,496.3,0,484.7,461.45,434.57,465.31,0
GUJGASLTD,0,412.9,0,405.0,386.45,429.11,398.84,0
TATATECH,0,688.2,0,675.0,650.35,690.26,658.17,0
GILLETTE,0,8758.9,0,8543.3,8069.0,9245.07,8255.15,0
PTCIL,0,19323.6,0,18722.2,17534.0,14953.53,18346.9,0
KIMS,0,719.3,0,700.0,656.25,680.15,678.15,0
GRSE,0,2592.4,0,2499.7,2290.1,2422.61,2417.06,0
EMCURE,0,1306.6,0,1350.6,1381.4,1262.17,1402.52,0
NUVAMA,0,6871.0,0,7425.7,7190.0,6680.98,7158.9,0
PINELABS,0,220.6,0,245.7,227.26,nan,239.97,0
MRPL,0,166.0,0,160.6,148.71,139.49,152.48,0
AEGISLOG,0,791.8,0,773.1,741.3,767.18,746.92,0
SYNGENE,0,614.2,0,627.5,646.35,656.81,640.15,0
ATHERENERG,0,730.0,0,703.5,676.05,nan,665.47,0
IGL,0,196.8,0,192.6,183.42,203.3,187.14,0
ASAHIINDIA,0,967.0,0,1055.6,990.5,811.09,1014.54,0
IRB,0,44.2,0,43.2,41.43,45.52,42.05,0
ANANDRATHI,0,3048.2,0,2854.0,2992.4,2427.53,2911.54,0
RAMCOCEM,0,990.6,0,1014.3,1049.9,1013.3,1026.63,0
BANDHANBNK,0,137.4,0,141.7,149.49,162.03,144.69,0
IIFL,0,540.2,0,590.6,566.7,449.62,568.63,0
AFFLE,0,1744.1,1,1617.7,1711.6,1789.8,1655.82,0
MANAPPURAM,0,267.4,0,287.9,283.5,257.97,279.5,0
AMBER,0,7261.6,0,7022.2,6779.5,7137.44,6676.75,0
PNBHOUSING,0,872.0,0,869.9,913.4,929.78,897.69,0
HSCL,0,432.5,0,445.9,470.1,460.03,464.32,0
EMAMILTD,0,506.6,0,519.3,542.35,567.53,528.93,0
KARURVYSYA,0,236.9,0,253.2,245.25,208.73,244.83,1
FSL,0,364.5,0,356.3,342.75,351.43,343.04,0
LALPATHLAB,0,3070.0,0,2995.2,2832.2,2942.89,2928.66,0
SAGILITY,0,53.3,0,51.7,50.41,44.45,49.59,0
JSWHL,0,19107.5,0,20096.7,21080.0,20381.99,21114.5,0
TIMKEN,0,2936.5,0,3003.5,3084.8,2975.54,3065.6,0
EIHOTEL,0,392.2,0,385.9,370.05,374.75,376.1,0
ANGELONE,0,2759.9,0,2673.2,2532.4,2531.07,2577.89,0
PFIZER,0,5203.4,0,5123.6,5021.2,4932.3,4998.97,0
FORCEMOT,0,16489.9,0,17884.2,17330.0,14487.03,17239.1,0
SUMICHEM,0,481.2,0,448.1,455.85,528.01,457.87,0
ASTRAZEN,0,9597.5,0,9419.2,9016.5,8766.64,9107.25,0
CESC,0,178.8,0,175.2,169.82,160.76,170.75,0
SHYAMMETL,0,860.2,0,840.3,807.1,877.21,802.62,0
PPLPHARMA,0,183.0,0,178.5,168.6,201.0,174.83,0
ABSLAMC,1,708.3,0,725.2,769.75,749.19,737.75,0
HATSUN,0,978.7,0,1059.7,996.2,943.03,1022.87,0
HBLENGINE,0,882.2,0,856.5,799.95,686.95,810.65,0
WOCKPHARMA,0,1295.9,0,1450.6,1357.2,1450.89,1345.36,1
SUNTV,0,530.9,0,539.6,557.25,580.99,556.56,0
INOXWIND,0,135.3,0,130.9,126.92,157.14,125.79,1
DEEPAKNTR,0,1611.1,1,1504.0,1595.4,1855.73,1545.68,0
JYOTICNC,0,1030.5,0,995.3,944.5,1016.0,947.83,0
AADHARHFC,0,502.5,0,477.2,490.95,476.12,486.8,0
WELCORP,0,859.5,0,837.4,804.2,855.12,808.15,0
REDINGTON,0,266.8,0,283.7,271.3,264.19,275.48,0
ERIS,0,1452.6,0,1514.7,1556.8,1583.82,1582.32,0
BRIGADE,0,928.1,0,902.0,858.65,999.25,875.3,0
ECLERX,0,4410.4,0,4751.8,4467.9,3682.14,4636.6,0
NEULANDLAB,0,17962.6,0,17359.4,16123.0,13740.9,16472.4,0
COHANCE,0,578.2,0,561.9,538.25,nan,536.4,1
KIOCL,0,386.0,0,367.7,338.15,338.42,339.67,0
CREDITACC,0,1376.9,0,1335.9,1257.9,1230.54,1286.38,0
CUB,0,246.7,0,257.1,270.5,206.13,268.98,0
RMDRIP,0,76.3,0,78.4,79.53,62.45,79.69,0
KPIL,0,1247.5,0,1213.4,1157.7,1138.79,1169.23,0
SUNDRMFAST,0,1010.4,0,983.2,939.9,969.79,938.14,0
BAYERCROP,0,4622.7,0,4364.6,4374.9,5086.33,4430.18,0
ANANTRAJ,0,565.6,0,499.6,539.25,553.59,528.18,0
TATACHEM,0,799.2,0,784.2,755.9,882.51,763.86,0
PSB,0,29.5,0,28.8,27.12,31.21,27.76,0
CHALET,0,937.9,0,916.5,878.65,899.76,892.22,0
DCMSHRIRAM,0,1282.7,0,1175.3,1237.7,1178.33,1231.3,0
INDIACEM,0,422.2,0,388.5,408.85,349.73,410.01,0
SAILIFE,0,932.1,0,910.0,899.3,805.96,885.43,0
ABREL,0,1834.1,0,1775.7,1700.4,1932.47,1699.07,0
KEC,0,737.6,0,719.5,705.6,801.89,697.09,0
POLYMED,0,1798.6,0,1935.6,1852.1,2111.45,1887.85,0
BIKAJI,1,689.1,0,707.2,747.0,727.54,720.75,0
CAMS,0,807.7,0,786.2,753.8,768.62,760.0,0
NETWEB,0,3499.2,0,3349.7,3279.3,2404.12,3169.0,0
RBLBANK,0,322.6,0,315.2,300.7,246.17,303.85,0
CENTURYPLY,0,764.2,0,789.3,829.9,752.55,818.12,0
EIDPARRY,0,1001.6,0,1047.2,1027.8,993.6,1029.43,0
ONESOURCE,0,1755.0,0,1700.4,1593.2,1776.0,1651.69,0
KANSAINER,0,237.7,0,232.7,224.52,243.45,225.65,0
TBOTEK,0,1539.1,0,1597.2,1703.8,1397.11,1660.08,0
CASTROLIND,0,190.8,0,188.1,182.66,204.41,187.31,0
CPPLUS,0,1472.5,0,1592.9,1535.7,nan,1520.88,0
SARDAEN,0,459.5,0,477.5,507.4,500.81,490.95,0
CHAMBLFERT,1,411.3,0,423.4,445.8,542.16,431.15,0
KFINTECH,0,1124.5,0,1093.9,1034.5,1106.19,1053.05,0
KIRLOSENG,0,1048.2,1,1082.8,1227.1,880.07,1133.79,0
URBANCO,0,139.3,0,134.4,121.84,nan,127.51,0
ABDL,0,681.1,0,657.3,623.45,469.78,620.06,0
FIVESTAR,0,620.4,0,601.8,591.55,648.8,576.21,1
CGCL,0,195.3,0,190.9,181.01,178.12,184.49,0
KAJARIACER,0,1101.4,0,1031.4,1088.2,1063.1,1058.72,0
GRINDWELL,0,1651.7,0,1618.9,1552.1,1634.98,1571.05,0
ATUL,0,6132.7,0,6011.7,5759.5,6354.75,5823.55,0
SCHNEIDER,0,775.5,0,754.0,708.6,771.29,734.75,0
ARE&M,0,974.3,0,958.4,921.65,982.27,936.17,0
BASF,0,4148.5,0,4065.0,3896.2,4627.34,3990.48,0
CHOICEIN,0,780.3,0,712.6,756.3,706.73,750.15,0
JUBLPHARMA,0,1152.7,0,1117.8,1061.6,1058.88,1071.3,0
CRAFTSMAN,0,6527.9,0,6705.1,7039.0,5984.04,7032.8,0
TRITURBINE,0,506.8,0,518.7,527.3,551.64,536.92,0
VENTIVE,0,696.3,0,746.8,714.9,733.37,713.75,1
PARADEEP,0,169.4,0,164.0,160.53,162.53,156.06,1
APLLTD,0,923.1,0,901.2,847.15,923.04,883.57,0
ZENSARTECH,0,765.3,0,717.2,730.65,766.71,734.19,0
GMDCLTD,0,467.2,0,477.4,521.45,423.35,510.48,0
TRAVELFOOD,0,1249.4,0,1331.1,1255.0,nan,1285.47,0
PFOCUS,0,179.2,0,190.7,212.92,142.74,195.86,0
NATCOPHARM,0,829.8,0,865.6,921.45,863.75,912.62,1
AKZOINDIA,0,3255.9,0,3382.4,3624.0,3322.36,3556.57,0
CARBORUNIV,0,898.7,0,837.3,862.25,941.28,869.48,0
RATNAMANI,0,2299.8,0,2469.1,2331.0,2567.69,2403.24,0
VINATIORGA,0,1644.7,0,1620.3,1571.7,1712.72,1582.35,0
RRKABEL,0,1332.2,0,1371.2,1440.0,1232.5,1404.32,0
CROMPTON,0,267.7,0,261.9,252.45,318.72,254.17,0
PGEL,0,608.2,0,584.8,570.95,703.21,558.23,0
LMW,0,15869.3,0,15530.1,15200.0,15619.5,15143.1,0
JSWCEMENT,0,109.9,0,113.7,121.66,nan,114.86,0
MAHSCOOTER,0,15069.6,0,14732.7,14099.0,13938.58,14227.0,0
NAVA,0,513.3,0,531.0,568.85,553.84,548.18,0
GSPL,0,304.3,0,297.0,281.8,307.58,288.92,0
DEVYANI,0,141.1,0,137.3,128.02,164.19,134.59,0
GESHIP,0,1031.7,0,1059.2,1105.1,971.73,1097.32,0
SIGNATURE,0,1063.7,0,1086.3,1121.1,1139.2,1117.92,0
SOBHA,0,1565.1,0,1518.6,1468.0,1451.19,1470.83,0
GPIL,0,251.9,0,230.4,242.31,213.19,236.12,0
AGARWALEYE,0,543.6,0,526.2,491.45,441.94,499.77,0
DOMS,0,2446.5,0,2485.9,2548.6,2558.32,2570.78,0
ABLBL,0,125.3,0,135.3,126.9,nan,129.16,0
DEEPAKFERT,0,1342.2,0,1299.1,1221.4,1395.62,1257.38,0
CEATLTD,0,4063.1,0,3963.3,3776.4,3449.13,3836.2,0
ELGIEQUIP,0,471.9,0,510.9,478.55,493.79,490.02,0
ANURAS,0,1186.0,0,1228.3,1320.5,1034.15,1283.05,0
CIEINDIA,0,423.3,0,413.4,394.35,417.47,407.0,0
CAPLIPOINT,0,2008.1,0,1857.2,1945.6,2023.61,1940.54,0
AFCONS,0,422.0,0,413.4,396.05,432.8,398.46,0
MANYAVAR,0,629.4,0,616.4,596.2,732.7,598.05,0
APTUS,0,298.0,0,278.2,289.4,315.36,286.32,0
OLAELEC,0,39.9,0,38.0,34.48,48.67,35.8,0
UTIAMC,0,1179.7,0,1156.2,1125.8,1193.58,1126.19,0
DATAPATTNS,0,2858.3,0,2764.4,2581.2,2541.61,2669.12,0
CONCORDBIO,0,1492.9,0,1452.3,1379.4,1634.25,1383.01,0
SWANCORP,0,481.1,0,467.0,460.0,445.48,453.5,0
IRCON,0,159.8,0,146.1,153.28,171.75,153.42,0
GALLANTT,0,549.1,0,577.5,594.85,542.9,593.59,1
TEGA,0,1991.2,0,1951.4,1912.9,1707.65,1901.9,0
RPOWER,0,38.3,0,36.6,34.61,47.13,35.63,0
NIVABUPA,0,78.6,1,72.9,77.47,80.22,74.95,0
JAINREC,0,417.8,0,368.0,410.95,nan,387.6,0
VGUARD,0,350.4,0,342.7,326.5,363.61,334.24,0
BEML,0,1835.9,0,1772.0,1706.9,1912.43,1706.6,0
INTELLECT,0,1121.5,0,1090.0,1021.6,978.55,1044.39,0
MINDACORP,0,554.2,0,570.7,597.8,533.05,587.58,0
BELRISE,0,151.6,0,169.9,157.7,nan,160.61,0
FIRSTCRY,0,313.3,0,303.5,289.8,357.96,289.46,1
CEMPRO,0,770.5,0,862.3,815.95,nan,818.11,0
GABRIEL,0,1073.1,0,1025.1,975.0,903.24,965.31,1
ACMESOLAR,0,233.6,0,213.1,230.92,251.01,221.03,0
LTFOODS,0,415.3,0,404.1,401.35,415.26,392.82,1
GRANULES,0,575.0,0,584.1,574.05,507.92,563.97,0
ACUTAAS,0,1604.1,0,1747.2,1694.4,nan,1679.99,1
USHAMART,0,464.0,0,425.7,455.7,372.15,436.31,0
SYRMA,0,810.8,0,783.2,718.85,654.58,746.96,0
THELEELA,0,424.4,1,380.8,414.0,nan,397.71,1
IGIL,0,345.3,0,335.0,319.7,356.67,322.07,0
TRIDENT,0,28.8,0,28.3,27.01,28.52,27.61,0
JMFINANCIL,0,155.1,0,149.2,143.53,141.98,143.2,0
CHENNPETRO,0,1019.1,0,987.2,915.75,720.45,928.38,0
SHRIPISTON,0,2783.3,0,2915.8,3092.5,2394.23,2992.78,0
RAINBOW,0,1401.5,0,1329.2,1335.1,1412.31,1356.84,0
ZYDUSWELL,0,441.8,0,431.0,425.1,406.85,420.98,0
AARTIIND,0,376.4,0,352.2,372.5,409.72,362.01,0
GRAVITA,0,1679.2,0,1737.2,1847.4,1756.13,1810.96,0
INDIAMART,0,2371.3,0,2324.3,2221.4,2366.84,2265.89,0
JBMA,0,610.8,0,593.7,562.9,642.41,576.96,0
FINEORG,0,4660.0,0,4553.0,4316.2,4555.04,4391.48,0
CARTRADE,0,3110.5,0,2971.8,2743.4,2130.5,2827.07,0
KIRLOSBROS,0,1706.9,0,1553.6,1647.4,1854.78,1614.51,0
CCL,0,1060.4,0,923.7,981.8,816.32,977.7,0
BBTC,0,1770.4,0,1911.6,1865.1,1885.44,1863.94,0
WELSPUNLIV,0,123.5,0,130.2,135.63,129.3,136.29,0
BLS,0,299.7,0,310.2,314.8,358.33,321.45,0
IFCI,0,52.0,0,50.5,47.9,53.3,48.63,0
EMMVEE,0,224.5,0,212.7,186.4,nan,204.89,0
VTL,0,459.6,0,427.5,445.55,441.5,439.85,0
KSB,0,770.9,0,715.0,739.15,784.73,745.92,0
JKTYRE,0,427.4,0,440.8,468.5,358.51,458.84,0
NUVOCO,0,367.9,0,333.0,358.5,375.78,347.53,0
TECHNOE,0,1185.2,0,1148.2,1101.4,1290.22,1100.33,0
LEMONTREE,0,151.9,0,155.8,161.55,150.33,162.26,0
BLUEDART,0,5687.7,0,5592.2,5383.5,6105.38,5465.3,0
CYIENT,0,1184.9,0,1129.8,1149.8,1204.42,1156.94,0
INDGN,0,539.8,0,508.4,524.95,557.56,529.53,0
IEX,0,136.8,0,148.7,140.4,163.65,143.31,0
EUREKAFORB,0,597.8,0,616.2,641.75,564.83,641.69,0
CELLO,0,583.0,0,539.6,556.45,587.08,558.67,0
HOMEFIRST,0,1083.6,0,1116.8,1181.6,1206.88,1146.91,0
SKFINDUS,0,2163.0,0,2268.8,2482.2,nan,nan,0
ZENTEC,0,1458.6,0,1417.9,1364.1,1547.53,1371.44,0
JPPOWER,0,19.7,0,19.1,17.89,17.51,18.52,0
PCBL,0,331.7,0,325.0,310.9,378.07,313.47,0
CANFINHOME,0,858.1,0,878.0,916.55,768.25,906.22,0
BATAINDIA,0,1008.7,0,989.9,948.9,1169.03,963.83,0
SPLPETRO,0,681.3,0,614.6,643.7,720.38,646.32,0
SAMMAANCAP,0,159.4,0,153.3,146.89,135.34,146.64,0
WHIRLPOOL,0,1026.0,0,988.7,944.7,1223.45,939.37,1
PRIVISCL,0,3021.8,0,3279.5,3061.9,2377.48,3136.25,0
FINCABLES,1,713.2,0,731.4,779.6,856.45,741.98,0
CANHLIFE,0,113.6,0,117.5,124.41,nan,122.06,0
NEWGEN,0,922.5,0,892.8,844.4,981.3,860.18,0
BSOFT,0,395.9,0,408.3,426.1,391.26,429.16,0
NSLNISP,0,43.2,0,42.1,40.35,39.77,40.81,0
AAVAS,0,1619.7,0,1572.7,1487.0,1766.49,1519.47,0
ACE,0,894.7,0,923.8,975.3,1126.93,953.36,0
SBFC,0,111.1,0,109.1,105.01,105.05,105.4,0
BLACKBUCK,0,620.2,0,670.6,633.35,522.97,643.4,0
AETHER,0,803.7,0,890.4,864.3,792.5,857.06,0
CUPID,0,369.3,0,385.0,421.15,164.65,388.75,0
AVANTIFEED,0,756.7,0,790.2,827.95,754.06,812.87,0
ALIVUS,0,938.1,0,914.4,911.75,985.3,885.53,0
GODREJAGRO,0,615.2,0,572.2,579.4,718.68,587.94,0
JWL,0,283.2,0,273.7,262.75,342.55,263.73,0
INGERRAND,0,3753.0,0,3679.9,3527.6,3726.85,3593.72,0
PRUDENT,0,2396.3,0,2487.6,2677.7,2567.16,2616.51,0
SAFARI,0,2227.0,0,2398.4,2261.0,2154.57,2339.3,0
JUBLINGREA,0,727.6,0,654.2,699.85,702.88,686.44,0
J&KBANK,0,107.6,0,105.3,100.01,101.77,101.86,0
MGL,0,1193.0,0,1166.6,1112.9,1313.7,1134.26,0
TI,0,488.8,0,474.9,443.5,393.8,449.85,0
ENGINERSIN,0,204.7,0,203.9,194.15,197.11,195.51,0
IXIGO,0,275.0,0,229.0,248.4,218.64,250.12,0
SHAILY,0,2649.2,0,2552.0,2355.6,1974.0,2471.73,0
RITES,0,242.0,0,236.4,225.14,247.72,227.17,0
ELECON,0,512.4,0,498.7,481.15,558.69,478.76,0
TDPOWERSYS,0,772.8,0,743.8,689.15,533.78,698.76,0
RAILTEL,0,351.6,0,340.4,331.65,358.05,328.56,0
TITAGARH,0,836.8,0,811.9,789.8,848.34,779.16,0
SANSERA,0,1593.3,0,1745.8,1705.7,1346.61,1676.16,0
PVRINOX,0,1150.2,0,1126.2,1079.8,1033.21,1082.11,0
RUBICON,0,700.3,0,675.8,641.85,nan,632.73,0
SANOFICONR,0,4831.4,0,4737.8,4577.6,4930.16,4622.65,0
GRAPHITE,0,579.5,0,563.8,537.15,523.8,540.14,0
UJJIVANSFB,0,50.6,0,55.2,53.93,45.48,53.3,0
JYOTHYLAB,0,300.5,0,294.5,284.2,329.78,286.03,0
JINDALSAW,0,171.5,0,166.6,163.02,214.9,161.38,0
FINPIPE,0,177.9,0,173.4,167.14,192.7,166.96,1
HEG,0,550.4,0,510.0,534.0,496.53,530.98,0
AZAD,0,1722.1,0,1679.4,1597.0,1583.09,1609.66,0
INOXINDIA,0,1218.2,0,1189.3,1132.0,1139.06,1144.7,0
SOUTHBANK,0,36.8,0,38.0,39.18,30.08,39.55,0
LUMAXTECH,0,1377.3,0,1436.5,1498.6,995.95,1515.73,0
HCG,0,686.6,0,741.1,721.5,619.02,712.7,0
BANCOINDIA,0,756.1,0,667.4,707.2,583.26,711.72,0
SCI,0,239.8,0,232.9,216.5,203.21,225.2,0
HAPPYFORGE,0,972.7,0,1006.1,1068.6,920.61,1052.92,0
EDELWEISS,0,113.6,0,109.9,106.44,102.38,105.26,0
TSFINV,0,515.0,0,497.1,455.7,nan,469.16,0
VIJAYA,0,948.0,0,1036.0,978.95,1010.01,1011.97,0
GRINFRA,0,1094.6,0,1064.2,1037.0,1180.33,1031.74,1
TTML,0,42.5,0,45.5,51.36,59.47,50.1,1
LATENTVIEW,0,439.7,0,449.9,484.3,419.39,479.92,0
RELAXO,0,426.5,0,387.0,401.0,438.24,406.63,0
THANGAMAYL,0,2896.6,0,3031.7,3214.9,2163.56,3220.03,0
IIFLCAPS,0,328.3,0,296.1,315.95,292.25,317.36,0
METROPOLIS,0,2003.3,0,1971.4,1911.9,1853.44,1923.46,0
NCC,0,171.7,0,167.6,157.85,208.03,163.41,0
LLOYDSENT,1,51.2,1,55.0,64.79,64.06,56.72,0
WAAREERTL,0,1040.1,0,1005.2,945.7,nan,965.71,0
OLECTRA,0,1316.9,0,1273.8,1197.4,1323.99,1204.87,0
JKLAKSHMI,0,808.4,0,790.3,781.4,845.89,769.62,0
VARROC,0,611.4,0,676.0,632.0,546.43,639.33,0
SHAKTIPUMP,0,611.9,0,665.6,780.45,853.47,636.41,0
SANOFI,0,4400.2,0,4329.0,4169.6,5323.54,4281.7,0
MEDPLUS,0,754.1,0,775.4,801.55,819.46,809.37,0
SONATSOFTW,0,373.5,0,364.4,344.55,373.8,353.79,0
CLEAN,0,943.1,0,924.3,899.75,1190.68,895.32,0
PGHL,0,5960.8,0,5844.8,5685.0,5760.19,5692.1,0
HFCL,0,72.6,0,70.3,65.43,78.23,67.29,0
BLUEJET,0,601.5,0,582.2,542.0,749.56,550.58,0
INDIASHLTR,0,914.5,0,894.7,860.05,871.28,855.25,0
VESUVIUS,0,499.2,0,488.2,460.35,502.0,476.87,0
JSLL,0,751.2,0,686.7,751.1,1089.12,700.06,0
RKFORGE,0,554.6,0,514.4,514.95,610.72,524.14,0
ESABINDIA,0,5663.8,0,5862.9,6049.0,5036.95,5983.0,0
GPPL,0,176.0,0,181.6,191.94,149.32,187.09,0
JLHL,0,1507.0,0,1475.2,1407.3,1478.1,1421.81,0
AEQUS,-1,-1,-1,-1,139.99,nan,nan,0
ASKAUTOLTD,0,502.6,0,489.2,464.6,471.16,469.33,0
TIMETECHNO,0,201.6,0,195.0,185.48,207.31,186.23,0
NAZARA,0,250.4,1,217.7,245.4,283.87,233.23,1
RHIM,0,476.3,0,464.2,438.7,464.47,445.53,0
ABFRL,0,81.1,0,78.9,74.16,128.84,75.9,0
MAPMYINDIA,0,1757.6,0,1714.0,1642.6,1755.84,1654.49,0
KRBL,0,379.0,0,413.0,392.35,363.12,392.4,0
EMBDL,0,76.7,0,73.6,64.58,101.55,70.33,0
BALRAMCHIN,0,453.7,0,417.3,443.5,524.97,439.81,0
ZEEL,0,100.1,0,97.9,92.73,113.21,94.93,0
SKFINDIA,0,1916.5,0,1874.5,1791.2,3907.99,1834.6,0
STARCEMENT,0,234.8,0,229.2,218.68,235.56,220.51,0
NESCO,0,1315.9,0,1279.7,1242.5,1173.37,1233.14,0
TARIL,0,230.7,0,252.6,290.65,463.7,257.15,0
BBOX,0,506.1,0,542.9,510.55,478.13,522.69,0
TTKPRESTIG,0,625.5,0,653.9,630.2,637.58,636.91,0
VIKRAMSOLR,0,260.2,0,251.9,236.0,nan,241.88,0
MARKSANS,0,176.1,0,181.7,186.97,209.34,189.08,0
MAHLIFE,0,385.6,0,418.6,396.65,354.68,405.88,0
HONASA,0,284.0,0,273.7,259.9,274.64,264.31,0
SHARDACROP,0,834.7,0,868.8,935.0,776.96,898.99,0
ASTRAMICRO,0,970.0,0,944.5,886.55,955.09,896.79,0
ORKLAINDIA,0,605.1,0,641.8,614.4,nan,617.1,0
KPIGREEN,0,450.6,0,432.5,425.05,465.18,418.17,0
GENUSPOWER,0,328.5,0,319.0,301.95,326.11,303.23,0
ARVIND,0,348.9,0,338.7,317.5,331.67,327.01,0
BIRLACORPN,0,1109.4,0,1014.7,1076.5,1215.9,1064.18,0
GMRP&UI,0,119.2,0,107.7,115.63,115.08,112.01,0
TEJASNET,0,520.0,0,502.0,468.15,643.5,479.31,0
GRWRHITECH,0,4072.2,0,3906.3,3557.0,3572.4,3659.45,0
