datetime,Symbol,Series,high,low,open,close,Last Price,Prev Close Price,volume,Total Traded Value,52 Week High Price,52 Week Low Price,date
2024-07-14T18:30:00.000Z,UTIAMC,EQ,1079.0,1055.0,1065.0,1072.95,1076.0,1056.8,598334,639423507.95,1079.0,731.2,2024-07-14T18:30:00.000Z
2024-07-15T18:30:00.000Z,UTIAMC,EQ,1112.0,1073.05,1080.0,1107.8,1109.0,1072.95,1025048,1125625999.5,1112.0,731.2,2024-07-15T18:30:00.000Z
2024-07-17T18:30:00.000Z,UTIAMC,EQ,1061.1,1037.0,1054.75,1042.15,1038.0,1107.8,535877,560995203.25,1112.0,731.2,2024-07-17T18:30:00.000Z
2024-07-18T18:30:00.000Z,UTIAMC,EQ,1038.05,985.0,1031.25,990.1,987.6,1042.15,276635,277958574.4,1112.0,731.2,2024-07-18T18:30:00.000Z
2024-07-21T18:30:00.000Z,UTIAMC,EQ,997.1,972.0,991.0,979.85,975.5,990.1,210054,206661979.6,1112.0,731.2,2024-07-21T18:30:00.000Z
2024-07-22T18:30:00.000Z,UTIAMC,EQ,984.9,940.6,979.85,970.15,970.0,979.85,160945,155789703.35,1112.0,731.2,2024-07-22T18:30:00.000Z
2024-07-23T18:30:00.000Z,UTIAMC,EQ,1020.0,964.8,970.0,1016.6,1018.0,970.15,258840,259007704.2,1112.0,731.2,2024-07-23T18:30:00.000Z
2024-07-24T18:30:00.000Z,UTIAMC,EQ,1033.8,998.95,1019.95,1027.4,1030.95,1016.6,380859,388884875.55,1112.0,731.2,2024-07-24T18:30:00.000Z
2024-07-25T18:30:00.000Z,UTIAMC,EQ,1066.05,1025.0,1027.4,1051.4,1052.0,1027.4,629083,659986949.9,1112.0,731.2,2024-07-25T18:30:00.000Z
2024-07-28T18:30:00.000Z,UTIAMC,EQ,1080.9,1042.1,1055.9,1050.45,1042.1,1051.4,319200,337473899.4,1112.0,731.2,2024-07-28T18:30:00.000Z
2024-07-29T18:30:00.000Z,UTIAMC,EQ,1056.95,1029.45,1048.0,1030.6,1030.0,1050.45,183433,190888706.1,1112.0,731.2,2024-07-29T18:30:00.000Z
2024-07-30T18:30:00.000Z,UTIAMC,EQ,1043.8,1029.85,1030.0,1037.65,1036.0,1030.6,115369,119549031.6,1112.0,731.2,2024-07-30T18:30:00.000Z
2024-07-31T18:30:00.000Z,UTIAMC,EQ,1053.15,1025.55,1040.0,1028.95,1029.65,1037.65,230011,240092291.75,1112.0,731.2,2024-07-31T18:30:00.000Z
2024-08-01T18:30:00.000Z,UTIAMC,EQ,1050.0,1020.0,1020.0,1035.55,1030.3,1028.95,158550,164776118.75,1112.0,731.2,2024-08-01T18:30:00.000Z
2024-08-04T18:30:00.000Z,UTIAMC,EQ,1019.95,970.0,970.0,984.0,980.0,1035.55,376464,373029711.6,1112.0,731.2,2024-08-04T18:30:00.000Z
2024-08-05T18:30:00.000Z,UTIAMC,EQ,1011.25,970.3,989.75,977.3,982.0,984.0,139149,137693629.75,1112.0,731.2,2024-08-05T18:30:00.000Z
2024-08-06T18:30:00.000Z,UTIAMC,EQ,998.8,977.65,988.6,983.5,987.9,977.3,105395,104024255.1,1112.0,731.2,2024-08-06T18:30:00.000Z
2024-08-07T18:30:00.000Z,UTIAMC,EQ,1012.8,990.1,992.0,995.0,992.0,983.5,128149,128553704.6,1112.0,731.2,2024-08-07T18:30:00.000Z
2024-08-08T18:30:00.000Z,UTIAMC,EQ,1020.2,988.3,998.55,993.35,996.05,995.0,185184,185693143.95,1112.0,731.2,2024-08-08T18:30:00.000Z
2024-08-11T18:30:00.000Z,UTIAMC,EQ,1037.0,983.9,988.0,1018.35,1019.95,993.35,295421,301358047.95,1112.0,731.2,2024-08-11T18:30:00.000Z
2024-08-12T18:30:00.000Z,UTIAMC,EQ,1050.0,1013.85,1033.0,1021.8,1017.0,1018.35,209997,217970875.45,1112.0,731.2,2024-08-12T18:30:00.000Z
2024-08-13T18:30:00.000Z,UTIAMC,EQ,1048.1,1023.5,1029.8,1040.6,1032.35,1021.8,186114,193211953.0,1112.0,731.2,2024-08-13T18:30:00.000Z
2024-08-15T18:30:00.000Z,UTIAMC,EQ,1076.0,1036.0,1050.0,1040.85,1038.5,1040.6,161155,169833429.5,1112.0,731.2,2024-08-15T18:30:00.000Z
2024-08-18T18:30:00.000Z,UTIAMC,EQ,1064.0,1043.2,1057.95,1058.45,1058.6,1040.85,102909,108443768.65,1112.0,737.0,2024-08-18T18:30:00.000Z
2024-08-19T18:30:00.000Z,UTIAMC,EQ,1129.4,1066.0,1070.95,1121.85,1122.0,1058.45,1282215,1420926529.8,1129.4,737.0,2024-08-19T18:30:00.000Z
2024-08-20T18:30:00.000Z,UTIAMC,EQ,1163.0,1103.45,1130.0,1150.9,1160.0,1121.85,918956,1046089364.3,1163.0,737.0,2024-08-20T18:30:00.000Z
2024-08-21T18:30:00.000Z,UTIAMC,EQ,1164.0,1126.5,1160.0,1131.7,1130.9,1150.9,290772,333390361.7,1164.0,737.0,2024-08-21T18:30:00.000Z
2024-08-22T18:30:00.000Z,UTIAMC,EQ,1147.25,1123.6,1135.95,1136.8,1145.0,1131.7,182118,206524064.65,1164.0,737.0,2024-08-22T18:30:00.000Z
2024-08-25T18:30:00.000Z,UTIAMC,EQ,1175.0,1133.05,1153.2,1168.9,1173.2,1136.8,289320,334680977.25,1175.0,739.65,2024-08-25T18:30:00.000Z
2024-08-26T18:30:00.000Z,UTIAMC,EQ,1180.5,1140.0,1173.0,1144.75,1143.6,1168.9,251117,290229318.9,1180.5,739.65,2024-08-26T18:30:00.000Z
2024-08-27T18:30:00.000Z,UTIAMC,EQ,1172.8,1126.65,1137.0,1128.7,1129.65,1144.75,228448,261099644.9,1180.5,739.65,2024-08-27T18:30:00.000Z
2024-08-28T18:30:00.000Z,UTIAMC,EQ,1139.95,1108.0,1129.65,1115.15,1116.0,1128.7,109489,122412085.05,1180.5,739.65,2024-08-28T18:30:00.000Z
2024-08-29T18:30:00.000Z,UTIAMC,EQ,1170.0,1106.65,1117.05,1146.85,1150.75,1115.15,234202,266160832.45,1180.5,739.65,2024-08-29T18:30:00.000Z
2024-09-01T18:30:00.000Z,UTIAMC,EQ,1200.0,1145.3,1161.0,1192.2,1188.0,1146.85,1347929,1589119277.45,1200.0,741.0,2024-09-01T18:30:00.000Z
2024-09-02T18:30:00.000Z,UTIAMC,EQ,1208.95,1176.0,1192.2,1182.1,1178.0,1192.2,513404,611722076.15,1208.95,741.0,2024-09-02T18:30:00.000Z
2024-09-03T18:30:00.000Z,UTIAMC,EQ,1219.0,1166.25,1170.0,1187.95,1185.0,1182.1,595757,716383568.95,1219.0,741.0,2024-09-03T18:30:00.000Z
2024-09-04T18:30:00.000Z,UTIAMC,EQ,1275.0,1195.0,1199.0,1267.25,1273.0,1187.95,1370723,1702405920.65,1275.0,741.0,2024-09-04T18:30:00.000Z
2024-09-05T18:30:00.000Z,UTIAMC,EQ,1319.0,1258.1,1266.9,1295.4,1292.0,1267.25,1030222,1328969002.6,1319.0,741.0,2024-09-05T18:30:00.000Z
2024-09-08T18:30:00.000Z,UTIAMC,EQ,1317.6,1252.0,1302.0,1263.7,1264.9,1295.4,471133,602918864.0,1319.0,741.0,2024-09-08T18:30:00.000Z
2024-09-09T18:30:00.000Z,UTIAMC,EQ,1298.45,1266.0,1273.0,1289.55,1294.0,1263.7,225630,290411957.3,1319.0,741.0,2024-09-09T18:30:00.000Z
2024-09-10T18:30:00.000Z,UTIAMC,EQ,1302.45,1275.05,1302.45,1280.5,1285.0,1289.55,236013,304785068.15,1319.0,741.0,2024-09-10T18:30:00.000Z
2024-09-11T18:30:00.000Z,UTIAMC,EQ,1296.9,1257.65,1291.0,1271.15,1264.9,1280.5,155159,198132625.9,1319.0,741.0,2024-09-11T18:30:00.000Z
2024-09-12T18:30:00.000Z,UTIAMC,EQ,1300.2,1268.45,1278.95,1288.5,1287.0,1271.15,145728,188203640.1,1319.0,741.0,2024-09-12T18:30:00.000Z
2024-09-15T18:30:00.000Z,UTIAMC,EQ,1316.0,1261.0,1295.05,1267.5,1270.85,1288.5,173645,222187204.7,1319.0,741.0,2024-09-15T18:30:00.000Z
2024-09-16T18:30:00.000Z,UTIAMC,EQ,1298.5,1262.0,1270.1,1291.35,1290.0,1267.5,161475,207019964.65,1319.0,741.0,2024-09-16T18:30:00.000Z
2024-09-17T18:30:00.000Z,UTIAMC,EQ,1341.0,1280.05,1301.0,1299.65,1297.9,1291.35,528260,691893963.95,1341.0,741.0,2024-09-17T18:30:00.000Z
2024-09-18T18:30:00.000Z,UTIAMC,EQ,1323.0,1270.05,1307.05,1276.35,1284.5,1299.65,267715,346521423.7,1341.0,741.0,2024-09-18T18:30:00.000Z
2024-09-19T18:30:00.000Z,UTIAMC,EQ,1304.85,1271.4,1287.85,1281.5,1278.0,1276.35,188627,242353825.35,1341.0,741.0,2024-09-19T18:30:00.000Z
2024-09-22T18:30:00.000Z,UTIAMC,EQ,1299.0,1275.0,1280.5,1287.2,1280.0,1281.5,153324,197371455.15,1341.0,741.0,2024-09-22T18:30:00.000Z
2024-09-23T18:30:00.000Z,UTIAMC,EQ,1297.0,1260.0,1260.0,1270.75,1268.15,1287.2,156681,200043641.3,1341.0,741.0,2024-09-23T18:30:00.000Z
2024-09-24T18:30:00.000Z,UTIAMC,EQ,1292.95,1255.05,1275.0,1269.65,1264.0,1270.75,161649,206038392.85,1341.0,741.0,2024-09-24T18:30:00.000Z
2024-09-25T18:30:00.000Z,UTIAMC,EQ,1270.0,1225.8,1267.95,1258.45,1262.0,1269.65,260631,324098635.85,1341.0,741.0,2024-09-25T18:30:00.000Z
2024-09-26T18:30:00.000Z,UTIAMC,EQ,1279.0,1241.0,1263.9,1248.85,1248.0,1258.45,252669,318792434.0,1341.0,741.0,2024-09-26T18:30:00.000Z
2024-09-29T18:30:00.000Z,UTIAMC,EQ,1284.95,1235.05,1250.0,1239.35,1237.3,1248.85,182041,227001857.75,1341.0,741.0,2024-09-29T18:30:00.000Z
2024-09-30T18:30:00.000Z,UTIAMC,EQ,1255.05,1213.05,1244.95,1233.8,1254.65,1239.35,353543,435294123.1,1341.0,741.0,2024-09-30T18:30:00.000Z
2024-10-02T18:30:00.000Z,UTIAMC,EQ,1245.2,1224.65,1228.0,1233.8,1229.7,1233.8,302524,374479394.85,1341.0,741.0,2024-10-02T18:30:00.000Z
2024-10-03T18:30:00.000Z,UTIAMC,EQ,1234.8,1198.6,1226.95,1217.15,1219.4,1233.8,195932,238313032.6,1341.0,741.0,2024-10-03T18:30:00.000Z
2024-10-06T18:30:00.000Z,UTIAMC,EQ,1228.2,1176.2,1215.3,1201.55,1199.3,1217.15,762246,914046837.45,1341.0,741.0,2024-10-06T18:30:00.000Z
2024-10-07T18:30:00.000Z,UTIAMC,EQ,1212.25,1160.4,1210.5,1198.45,1201.0,1201.55,405342,480905548.5,1341.0,741.0,2024-10-07T18:30:00.000Z
2024-10-08T18:30:00.000Z,UTIAMC,EQ,1248.0,1185.7,1198.45,1238.15,1248.0,1198.45,329039,402287588.8,1341.0,741.0,2024-10-08T18:30:00.000Z
2024-10-09T18:30:00.000Z,UTIAMC,EQ,1259.0,1225.05,1247.0,1230.1,1232.0,1238.15,219439,272089783.95,1341.0,741.0,2024-10-09T18:30:00.000Z
2024-10-10T18:30:00.000Z,UTIAMC,EQ,1234.0,1209.0,1233.9,1213.75,1212.05,1230.1,110546,134863711.45,1341.0,741.0,2024-10-10T18:30:00.000Z
2024-10-13T18:30:00.000Z,UTIAMC,EQ,1213.5,1188.05,1213.5,1197.85,1197.1,1213.75,268429,321561576.75,1341.0,741.0,2024-10-13T18:30:00.000Z
2024-10-14T18:30:00.000Z,UTIAMC,EQ,1257.65,1197.0,1208.0,1232.9,1230.1,1197.85,292566,360940691.3,1341.0,741.0,2024-10-14T18:30:00.000Z
2024-10-15T18:30:00.000Z,UTIAMC,EQ,1342.1,1220.1,1236.25,1329.0,1324.0,1232.9,2603408,3420809246.1,1342.1,741.0,2024-10-15T18:30:00.000Z
2024-10-16T18:30:00.000Z,UTIAMC,EQ,1336.35,1286.95,1328.95,1304.5,1300.0,1329.0,502365,659337786.75,1342.1,741.0,2024-10-16T18:30:00.000Z
2024-10-17T18:30:00.000Z,UTIAMC,EQ,1304.0,1260.85,1304.0,1280.0,1280.6,1304.5,218898,279638718.9,1342.1,741.0,2024-10-17T18:30:00.000Z
2024-10-20T18:30:00.000Z,UTIAMC,EQ,1325.9,1265.7,1293.0,1275.45,1274.5,1280.0,257295,332820739.55,1342.1,741.0,2024-10-20T18:30:00.000Z
